<?xml version="1.0" encoding="UTF-8"?>
<viper xmlns="http://lamp.cfar.umd.edu/viper#" xmlns:data="http://lamp.cfar.umd.edu/viperdata#">
    <config>
        <descriptor name="Information" type="FILE">
            <attribute dynamic="false" name="SOURCETYPE" type="http://lamp.cfar.umd.edu/viperdata#lvalue">
                <data:lvalue-possibles>
                    <data:lvalue-enum value="SEQUENCE"/>
                    <data:lvalue-enum value="FRAMES"/>
                </data:lvalue-possibles>
            </attribute>
            <attribute dynamic="false" name="NUMFRAMES" type="http://lamp.cfar.umd.edu/viperdata#dvalue"/>
            <attribute dynamic="false" name="FRAMERATE" type="http://lamp.cfar.umd.edu/viperdata#fvalue"/>
            <attribute dynamic="false" name="H-FRAME-SIZE" type="http://lamp.cfar.umd.edu/viperdata#dvalue"/>
            <attribute dynamic="false" name="V-FRAME-SIZE" type="http://lamp.cfar.umd.edu/viperdata#dvalue"/>
        </descriptor>
        <descriptor name="Face" type="OBJECT">
            <attribute dynamic="true" name="RIGHT_EYE_CENTRE" type="http://lamp.cfar.umd.edu/viperdata#point"/>
            <attribute dynamic="true" name="LEFT_EYE_CENTRE" type="http://lamp.cfar.umd.edu/viperdata#point"/>
            <attribute dynamic="true" name="FACE_REGION" type="http://lamp.cfar.umd.edu/viperdata#bbox"/>
            <attribute dynamic="true" name="RIGHT_NOSTRIL_CENTRE" type="http://lamp.cfar.umd.edu/viperdata#point"/>
            <attribute dynamic="true" name="LEFT_NOSTRIL_CENTRE" type="http://lamp.cfar.umd.edu/viperdata#point"/>
            <attribute dynamic="true" name="RIGHT_PUPIL_OUTLINE" type="http://lamp.cfar.umd.edu/viperdata#circle"/>
            <attribute dynamic="true" name="LEFT_PUPIL_OUTLINE" type="http://lamp.cfar.umd.edu/viperdata#circle"/>
        </descriptor>
    </config>
    <data>
        <sourcefile filename="file:/C:/work-eyetracking/gazetrackinglib/media/private/casia/CASIA-Iris-Distance/CASIA-Iris-Distance.info">
            <file id="0" name="Information">
                <attribute name="SOURCETYPE"/>
                <attribute name="NUMFRAMES">
                    <data:dvalue value="2567"/>
                </attribute>
                <attribute name="FRAMERATE">
                    <data:fvalue value="1.0"/>
                </attribute>
                <attribute name="H-FRAME-SIZE">
                    <data:dvalue value="2352"/>
                </attribute>
                <attribute name="V-FRAME-SIZE">
                    <data:dvalue value="1728"/>
                </attribute>
            </file>
            <object framespan="1:51" id="0" name="Face">
                <attribute name="RIGHT_EYE_CENTRE">
                    <data:point framespan="1:1" x="581" y="727"/>
                    <data:point framespan="2:2" x="499" y="735"/>
                    <data:point framespan="3:3" x="564" y="737"/>
                    <data:point framespan="4:4" x="592" y="777"/>
                    <data:point framespan="5:5" x="670" y="772"/>
                    <data:point framespan="6:6" x="679" y="755"/>
                    <data:point framespan="7:7" x="641" y="798"/>
                    <data:point framespan="8:8" x="529" y="825"/>
                    <data:point framespan="9:9" x="721" y="727"/>
                    <data:point framespan="10:10" x="449" y="817"/>
                    <data:point framespan="11:11" x="641" y="808"/>
                    <data:point framespan="12:12" x="658" y="825"/>
                    <data:point framespan="13:13" x="740" y="849"/>
                    <data:point framespan="14:14" x="645" y="888"/>
                    <data:point framespan="15:15" x="776" y="870"/>
                    <data:point framespan="16:16" x="596" y="900"/>
                    <data:point framespan="17:17" x="576" y="859"/>
                    <data:point framespan="18:18" x="594" y="855"/>
                    <data:point framespan="19:19" x="563" y="837"/>
                    <data:point framespan="20:20" x="572" y="842"/>
                    <data:point framespan="21:21" x="578" y="868"/>
                    <data:point framespan="22:22" x="579" y="872"/>
                    <data:point framespan="23:23" x="723" y="871"/>
                    <data:point framespan="24:24" x="547" y="807"/>
                    <data:point framespan="25:25" x="744" y="822"/>
                    <data:point framespan="26:26" x="698" y="830"/>
                    <data:point framespan="27:27" x="787" y="631"/>
                    <data:point framespan="28:28" x="768" y="644"/>
                    <data:point framespan="29:29" x="771" y="647"/>
                    <data:point framespan="30:30" x="776" y="648"/>
                    <data:point framespan="31:31" x="778" y="644"/>
                    <data:point framespan="32:32" x="777" y="640"/>
                    <data:point framespan="33:33" x="798" y="647"/>
                    <data:point framespan="34:34" x="799" y="648"/>
                    <data:point framespan="35:35" x="790" y="622"/>
                    <data:point framespan="36:36" x="771" y="684"/>
                    <data:point framespan="37:37" x="694" y="683"/>
                    <data:point framespan="38:38" x="392" y="678"/>
                    <data:point framespan="39:39" x="792" y="609"/>
                    <data:point framespan="40:41" x="752" y="602"/>
                    <data:point framespan="42:42" x="756" y="604"/>
                    <data:point framespan="43:43" x="740" y="607"/>
                    <data:point framespan="44:44" x="740" y="608"/>
                    <data:point framespan="45:45" x="768" y="616"/>
                    <data:point framespan="46:46" x="757" y="603"/>
                    <data:point framespan="47:47" x="790" y="605"/>
                    <data:point framespan="48:48" x="837" y="669"/>
                    <data:point framespan="49:49" x="829" y="603"/>
                    <data:point framespan="50:50" x="467" y="687"/>
                    <data:point framespan="51:51" x="825" y="611"/>
                </attribute>
                <attribute name="LEFT_EYE_CENTRE">
                    <data:point framespan="1:1" x="1537" y="732"/>
                    <data:point framespan="2:2" x="1455" y="738"/>
                    <data:point framespan="3:3" x="1517" y="735"/>
                    <data:point framespan="4:4" x="1545" y="778"/>
                    <data:point framespan="5:5" x="1629" y="768"/>
                    <data:point framespan="6:6" x="1631" y="751"/>
                    <data:point framespan="7:7" x="1587" y="789"/>
                    <data:point framespan="8:8" x="1484" y="829"/>
                    <data:point framespan="9:9" x="1670" y="740"/>
                    <data:point framespan="10:10" x="1402" y="827"/>
                    <data:point framespan="11:11" x="1608" y="787"/>
                    <data:point framespan="12:12" x="1625" y="807"/>
                    <data:point framespan="13:13" x="1698" y="856"/>
                    <data:point framespan="14:14" x="1588" y="879"/>
                    <data:point framespan="15:15" x="1759" y="838"/>
                    <data:point framespan="16:16" x="1578" y="862"/>
                    <data:point framespan="17:17" x="1559" y="818"/>
                    <data:point framespan="18:18" x="1571" y="816"/>
                    <data:point framespan="19:19" x="1535" y="792"/>
                    <data:point framespan="20:20" x="1542" y="801"/>
                    <data:point framespan="21:21" x="1555" y="824"/>
                    <data:point framespan="22:22" x="1559" y="833"/>
                    <data:point framespan="23:23" x="1708" y="833"/>
                    <data:point framespan="24:24" x="1532" y="748"/>
                    <data:point framespan="25:25" x="1721" y="781"/>
                    <data:point framespan="26:26" x="1667" y="783"/>
                    <data:point framespan="27:27" x="1740" y="607"/>
                    <data:point framespan="28:28" x="1724" y="616"/>
                    <data:point framespan="29:29" x="1727" y="620"/>
                    <data:point framespan="30:30" x="1728" y="622"/>
                    <data:point framespan="31:31" x="1733" y="617"/>
                    <data:point framespan="32:32" x="1730" y="611"/>
                    <data:point framespan="33:33" x="1751" y="621"/>
                    <data:point framespan="34:34" x="1752" y="618"/>
                    <data:point framespan="35:35" x="1739" y="598"/>
                    <data:point framespan="36:36" x="1724" y="659"/>
                    <data:point framespan="37:37" x="1650" y="657"/>
                    <data:point framespan="38:38" x="1350" y="645"/>
                    <data:point framespan="39:39" x="1739" y="592"/>
                    <data:point framespan="40:40" x="1699" y="579"/>
                    <data:point framespan="41:41" x="1700" y="580"/>
                    <data:point framespan="42:42" x="1704" y="580"/>
                    <data:point framespan="43:44" x="1687" y="582"/>
                    <data:point framespan="45:45" x="1713" y="592"/>
                    <data:point framespan="46:46" x="1705" y="580"/>
                    <data:point framespan="47:47" x="1715" y="606"/>
                    <data:point framespan="48:48" x="1768" y="665"/>
                    <data:point framespan="49:49" x="1747" y="631"/>
                    <data:point framespan="50:50" x="1392" y="653"/>
                    <data:point framespan="51:51" x="1743" y="636"/>
                </attribute>
                <attribute name="FACE_REGION"/>
                <attribute name="RIGHT_NOSTRIL_CENTRE">
                    <data:point framespan="1:1" x="923" y="1355"/>
                    <data:point framespan="2:2" x="877" y="1378"/>
                    <data:point framespan="3:3" x="903" y="1364"/>
                    <data:point framespan="4:4" x="934" y="1401"/>
                    <data:point framespan="5:5" x="1009" y="1408"/>
                    <data:point framespan="6:6" x="1020" y="1383"/>
                    <data:point framespan="7:7" x="983" y="1431"/>
                    <data:point framespan="8:8" x="862" y="1477"/>
                    <data:point framespan="9:9" x="1020" y="1384"/>
                    <data:point framespan="10:10" x="790" y="1464"/>
                    <data:point framespan="11:11" x="988" y="1460"/>
                    <data:point framespan="12:12" x="967" y="1488"/>
                    <data:point framespan="13:13" x="1037" y="1500"/>
                    <data:point framespan="14:14" x="1022" y="1528"/>
                    <data:point framespan="15:15" x="1135" y="1610"/>
                    <data:point framespan="16:16" x="958" y="1646"/>
                    <data:point framespan="17:17" x="968" y="1601"/>
                    <data:point framespan="18:18" x="984" y="1591"/>
                    <data:point framespan="19:19" x="946" y="1557"/>
                    <data:point framespan="20:20" x="955" y="1576"/>
                    <data:point framespan="21:21" x="946" y="1597"/>
                    <data:point framespan="22:22" x="973" y="1618"/>
                    <data:point framespan="23:23" x="1072" y="1631"/>
                    <data:point framespan="24:24" x="949" y="1542"/>
                    <data:point framespan="25:25" x="1109" y="1548"/>
                    <data:point framespan="26:26" x="1083" y="1567"/>
                    <data:point framespan="27:27" x="1142" y="1266"/>
                    <data:point framespan="28:28" x="1127" y="1280"/>
                    <data:point framespan="29:29" x="1137" y="1313"/>
                    <data:point framespan="30:30" x="1150" y="1328"/>
                    <data:point framespan="31:31" x="1151" y="1322"/>
                    <data:point framespan="32:32" x="1152" y="1314"/>
                    <data:point framespan="33:33" x="1165" y="1309"/>
                    <data:point framespan="34:34" x="1170" y="1309"/>
                    <data:point framespan="35:35" x="1138" y="1255"/>
                    <data:point framespan="36:36" x="1099" y="1315"/>
                    <data:point framespan="37:37" x="1056" y="1328"/>
                    <data:point framespan="38:38" x="767" y="1311"/>
                    <data:point framespan="39:39" x="1142" y="1243"/>
                    <data:point framespan="40:40" x="1105" y="1232"/>
                    <data:point framespan="41:41" x="1101" y="1232"/>
                    <data:point framespan="42:42" x="1107" y="1234"/>
                    <data:point framespan="43:44" x="1091" y="1234"/>
                    <data:point framespan="45:45" x="1090" y="1235"/>
                    <data:point framespan="46:46" x="1112" y="1232"/>
                    <data:point framespan="47:47" x="1084" y="1171"/>
                    <data:point framespan="48:48" x="1144" y="1245"/>
                    <data:point framespan="49:49" x="1125" y="1196"/>
                    <data:point framespan="50:50" x="800" y="1251"/>
                    <data:point framespan="51:51" x="1113" y="1185"/>
                </attribute>
                <attribute name="LEFT_NOSTRIL_CENTRE">
                    <data:point framespan="1:1" x="1202" y="1353"/>
                    <data:point framespan="2:2" x="1129" y="1370"/>
                    <data:point framespan="3:3" x="1149" y="1364"/>
                    <data:point framespan="4:4" x="1181" y="1405"/>
                    <data:point framespan="5:5" x="1255" y="1411"/>
                    <data:point framespan="6:6" x="1260" y="1386"/>
                    <data:point framespan="7:7" x="1237" y="1426"/>
                    <data:point framespan="8:8" x="1116" y="1471"/>
                    <data:point framespan="9:9" x="1272" y="1384"/>
                    <data:point framespan="10:10" x="1037" y="1462"/>
                    <data:point framespan="11:11" x="1243" y="1455"/>
                    <data:point framespan="12:12" x="1231" y="1476"/>
                    <data:point framespan="13:13" x="1289" y="1505"/>
                    <data:point framespan="14:14" x="1264" y="1523"/>
                    <data:point framespan="15:15" x="1372" y="1602"/>
                    <data:point framespan="16:16" x="1201" y="1633"/>
                    <data:point framespan="17:17" x="1207" y="1590"/>
                    <data:point framespan="18:18" x="1223" y="1578"/>
                    <data:point framespan="19:19" x="1184" y="1547"/>
                    <data:point framespan="20:20" x="1189" y="1559"/>
                    <data:point framespan="21:21" x="1176" y="1581"/>
                    <data:point framespan="22:22" x="1204" y="1602"/>
                    <data:point framespan="23:23" x="1303" y="1621"/>
                    <data:point framespan="24:24" x="1187" y="1525"/>
                    <data:point framespan="25:25" x="1335" y="1536"/>
                    <data:point framespan="26:26" x="1306" y="1547"/>
                    <data:point framespan="27:27" x="1400" y="1254"/>
                    <data:point framespan="28:28" x="1388" y="1267"/>
                    <data:point framespan="29:29" x="1376" y="1296"/>
                    <data:point framespan="30:30" x="1380" y="1310"/>
                    <data:point framespan="31:31" x="1385" y="1309"/>
                    <data:point framespan="32:32" x="1383" y="1303"/>
                    <data:point framespan="33:33" x="1408" y="1292"/>
                    <data:point framespan="34:34" x="1408" y="1294"/>
                    <data:point framespan="35:35" x="1399" y="1242"/>
                    <data:point framespan="36:36" x="1367" y="1305"/>
                    <data:point framespan="37:37" x="1323" y="1313"/>
                    <data:point framespan="38:38" x="1031" y="1298"/>
                    <data:point framespan="39:39" x="1408" y="1232"/>
                    <data:point framespan="40:40" x="1366" y="1221"/>
                    <data:point framespan="41:41" x="1366" y="1219"/>
                    <data:point framespan="42:42" x="1372" y="1221"/>
                    <data:point framespan="43:44" x="1356" y="1223"/>
                    <data:point framespan="45:45" x="1358" y="1225"/>
                    <data:point framespan="46:46" x="1375" y="1222"/>
                    <data:point framespan="47:47" x="1368" y="1168"/>
                    <data:point framespan="48:48" x="1414" y="1240"/>
                    <data:point framespan="49:49" x="1381" y="1198"/>
                    <data:point framespan="50:50" x="1065" y="1238"/>
                    <data:point framespan="51:51" x="1379" y="1190"/>
                </attribute>
                <attribute name="RIGHT_PUPIL_OUTLINE">
                    <data:circle framespan="1:1" radius="47" x="582" y="726"/>
                    <data:circle framespan="2:2" radius="49" x="499" y="737"/>
                    <data:circle framespan="3:3" radius="49" x="563" y="736"/>
                    <data:circle framespan="4:4" radius="50" x="592" y="777"/>
                    <data:circle framespan="5:5" radius="50" x="669" y="772"/>
                    <data:circle framespan="6:6" radius="49" x="679" y="755"/>
                    <data:circle framespan="7:7" radius="36" x="641" y="801"/>
                    <data:circle framespan="8:8" radius="36" x="530" y="827"/>
                    <data:circle framespan="9:9" radius="37" x="721" y="728"/>
                    <data:circle framespan="10:10" radius="36" x="448" y="817"/>
                    <data:circle framespan="11:11" radius="36" x="642" y="808"/>
                    <data:circle framespan="12:12" radius="37" x="660" y="826"/>
                    <data:circle framespan="13:13" radius="34" x="740" y="851"/>
                    <data:circle framespan="14:14" radius="34" x="645" y="888"/>
                    <data:circle framespan="15:15" radius="46" x="774" y="869"/>
                    <data:circle framespan="16:16" radius="48" x="596" y="904"/>
                    <data:circle framespan="17:17" radius="48" x="577" y="862"/>
                    <data:circle framespan="18:18" radius="49" x="594" y="855"/>
                    <data:circle framespan="19:19" radius="49" x="562" y="836"/>
                    <data:circle framespan="20:20" radius="48" x="568" y="844"/>
                    <data:circle framespan="21:21" radius="47" x="578" y="870"/>
                    <data:circle framespan="22:22" radius="46" x="578" y="874"/>
                    <data:circle framespan="23:23" radius="50" x="722" y="873"/>
                    <data:circle framespan="24:24" radius="36" x="546" y="807"/>
                    <data:circle framespan="25:25" radius="38" x="745" y="823"/>
                    <data:circle framespan="26:26" radius="37" x="698" y="831"/>
                    <data:circle framespan="27:27" radius="41" x="787" y="634"/>
                    <data:circle framespan="28:28" radius="43" x="769" y="646"/>
                    <data:circle framespan="29:29" radius="42" x="771" y="648"/>
                    <data:circle framespan="30:30" radius="43" x="775" y="647"/>
                    <data:circle framespan="31:31" radius="44" x="779" y="643"/>
                    <data:circle framespan="32:32" radius="44" x="775" y="639"/>
                    <data:circle framespan="33:33" radius="45" x="798" y="645"/>
                    <data:circle framespan="34:34" radius="43" x="798" y="644"/>
                    <data:circle framespan="35:35" radius="43" x="789" y="621"/>
                    <data:circle framespan="36:36" radius="39" x="771" y="686"/>
                    <data:circle framespan="37:37" radius="35" x="694" y="686"/>
                    <data:circle framespan="38:38" radius="38" x="393" y="679"/>
                    <data:circle framespan="39:39" radius="37" x="793" y="613"/>
                    <data:circle framespan="40:40" radius="41" x="752" y="603"/>
                    <data:circle framespan="41:41" radius="40" x="752" y="604"/>
                    <data:circle framespan="42:42" radius="40" x="756" y="604"/>
                    <data:circle framespan="43:43" radius="40" x="740" y="606"/>
                    <data:circle framespan="44:44" radius="36" x="740" y="610"/>
                    <data:circle framespan="45:45" radius="39" x="768" y="618"/>
                    <data:circle framespan="46:46" radius="36" x="757" y="604"/>
                    <data:circle framespan="47:47" radius="36" x="789" y="607"/>
                    <data:circle framespan="48:48" radius="37" x="837" y="670"/>
                    <data:circle framespan="49:49" radius="34" x="829" y="604"/>
                    <data:circle framespan="50:50" radius="37" x="467" y="690"/>
                    <data:circle framespan="51:51" radius="33" x="826" y="614"/>
                </attribute>
                <attribute name="LEFT_PUPIL_OUTLINE">
                    <data:circle framespan="1:1" radius="47" x="1538" y="733"/>
                    <data:circle framespan="2:2" radius="52" x="1458" y="740"/>
                    <data:circle framespan="3:3" radius="50" x="1517" y="739"/>
                    <data:circle framespan="4:4" radius="48" x="1547" y="781"/>
                    <data:circle framespan="5:5" radius="49" x="1628" y="772"/>
                    <data:circle framespan="6:6" radius="48" x="1630" y="755"/>
                    <data:circle framespan="7:7" radius="37" x="1589" y="789"/>
                    <data:circle framespan="8:8" radius="38" x="1483" y="830"/>
                    <data:circle framespan="9:9" radius="40" x="1668" y="739"/>
                    <data:circle framespan="10:10" radius="38" x="1401" y="828"/>
                    <data:circle framespan="11:11" radius="36" x="1608" y="788"/>
                    <data:circle framespan="12:12" radius="37" x="1626" y="807"/>
                    <data:circle framespan="13:13" radius="37" x="1699" y="857"/>
                    <data:circle framespan="14:14" radius="34" x="1588" y="879"/>
                    <data:circle framespan="15:15" radius="47" x="1758" y="838"/>
                    <data:circle framespan="16:16" radius="49" x="1579" y="863"/>
                    <data:circle framespan="17:17" radius="51" x="1559" y="822"/>
                    <data:circle framespan="18:18" radius="51" x="1570" y="816"/>
                    <data:circle framespan="19:19" radius="51" x="1534" y="794"/>
                    <data:circle framespan="20:20" radius="50" x="1542" y="803"/>
                    <data:circle framespan="21:21" radius="48" x="1555" y="825"/>
                    <data:circle framespan="22:22" radius="48" x="1557" y="832"/>
                    <data:circle framespan="23:23" radius="52" x="1706" y="837"/>
                    <data:circle framespan="24:24" radius="39" x="1533" y="751"/>
                    <data:circle framespan="25:25" radius="40" x="1721" y="783"/>
                    <data:circle framespan="26:26" radius="40" x="1666" y="783"/>
                    <data:circle framespan="27:27" radius="42" x="1741" y="607"/>
                    <data:circle framespan="28:28" radius="42" x="1725" y="618"/>
                    <data:circle framespan="29:29" radius="43" x="1727" y="620"/>
                    <data:circle framespan="30:30" radius="44" x="1729" y="620"/>
                    <data:circle framespan="31:31" radius="42" x="1736" y="618"/>
                    <data:circle framespan="32:32" radius="44" x="1730" y="612"/>
                    <data:circle framespan="33:33" radius="44" x="1752" y="619"/>
                    <data:circle framespan="34:34" radius="42" x="1752" y="618"/>
                    <data:circle framespan="35:35" radius="41" x="1741" y="599"/>
                    <data:circle framespan="36:36" radius="37" x="1726" y="660"/>
                    <data:circle framespan="37:37" radius="34" x="1650" y="659"/>
                    <data:circle framespan="38:38" radius="38" x="1349" y="646"/>
                    <data:circle framespan="39:39" radius="37" x="1740" y="592"/>
                    <data:circle framespan="40:40" radius="37" x="1699" y="582"/>
                    <data:circle framespan="41:41" radius="39" x="1701" y="580"/>
                    <data:circle framespan="42:42" radius="36" x="1705" y="581"/>
                    <data:circle framespan="43:43" radius="37" x="1688" y="582"/>
                    <data:circle framespan="44:44" radius="38" x="1689" y="583"/>
                    <data:circle framespan="45:45" radius="35" x="1714" y="594"/>
                    <data:circle framespan="46:46" radius="35" x="1706" y="581"/>
                    <data:circle framespan="47:47" radius="39" x="1715" y="606"/>
                    <data:circle framespan="48:48" radius="40" x="1767" y="666"/>
                    <data:circle framespan="49:49" radius="35" x="1748" y="632"/>
                    <data:circle framespan="50:50" radius="40" x="1392" y="654"/>
                    <data:circle framespan="51:51" radius="36" x="1743" y="636"/>
                </attribute>
            </object>
        </sourcefile>
    </data>
</viper>
